"优先级","评分","id","年份","日期","文号","标题","发文机关","当前司局","当前处室","官方链接","复核状态","建议司局","建议处室","复核说明"
"1","96","doc-001","2026","2026-06","国卫办基层发〔2026〕7号","《国家卫生健康委办公厅关于进一步健全城市社区卫生服务体系 提升服务能力的通知》","国家卫生健康委员会","卫健委-基层卫生健康司","运行评价处","https://www.gov.cn/zhengce/zhengceku/202606/content_7071263.htm","待复核","","",""
"2","96","doc-005","2026","2026-04","国卫办基层发〔2026〕4号","《关于开展基层医疗卫生机构医疗质量改善三年行动（2026—2028年）的通知》","国家中医药管理局,国家卫生健康委员会","卫健委-基层卫生健康司","运行评价处","https://www.gov.cn/zhengce/zhengceku/202604/content_7064456.htm","待复核","","",""
"3","92","doc-015","2025","2025-12","国卫妇幼发〔2025〕21号","《关于印发儿童青少年“五健”促进行动计划（2026—2030年）的通知》","国家发展和改革委员会,国家疾病预防控制局,国家体育总局,国家中医药管理局,国家互联网信息办公室,财政部,教育部,国家卫生健康委员会,国家广播电视总局","卫健委-妇幼健康司","妇女卫生处","https://www.gov.cn/zhengce/zhengceku/202512/content_7053270.htm","待复核","","",""
"4","92","doc-021","2025","2025-11","国卫办基层函〔2025〕439号","《国家卫生健康委办公厅关于印发基层慢性病健康管理服务能力建设指引的通知》","国家卫生健康委员会","卫健委-基层卫生健康司","运行评价处","https://www.gov.cn/zhengce/zhengceku/202511/content_7049144.htm","待复核","","",""
"5","92","doc-023","2025","2025-10","国疾控卫免发〔2025〕16号","《关于将人乳头瘤病毒疫苗纳入国家免疫规划有关工作事宜的通知》","国家药品监督管理局,教育部,工业和信息化部,财政部,国家卫生健康委员会,国家疾病预防控制局","疾控局-卫生与免疫规划司","免疫规划处","https://www.gov.cn/zhengce/zhengceku/202510/content_7046467.htm","待复核","","",""
"6","92","doc-024","2025","2025-10","国卫办老龄发〔2025〕29号","《关于开展医养结合促进行动的通知》","国家卫生健康委员会","卫健委-老龄健康司","医养结合处","https://www.gov.cn/zhengce/zhengceku/202510/content_7046353.htm","待复核","","",""
"7","92","doc-027","2025","2025-09","国卫办人口发〔2025〕24号","《关于印发育儿补贴制度管理规范（试行）的通知》","财政部,国家卫生健康委员会","卫健委-妇幼健康司","妇女卫生处","https://www.gov.cn/zhengce/zhengceku/202509/content_7041274.htm","待复核","","",""
"8","92","doc-031","2025","2025-08","国卫办基层发〔2025〕21号","《关于印发提升家庭医生签约服务感受度若干措施的通知》","国家卫生健康委员会,国家发展和改革委员会,人力资源和社会保障部,国家医疗保障局,国家中医药管理局,国家疾病预防控制局","卫健委-基层卫生健康司","家庭医生处","https://www.gov.cn/zhengce/zhengceku/202508/content_7037136.htm","待复核","","",""
"9","92","doc-036","2025","2025-08","国疾控卫免发〔2025〕10号","《关于印发《健康中国行动—健康环境促进行动实施方案（2025—2030年）》的通知》","国家疾病预防控制局","卫健委-规划发展与信息化司","信息统计处","https://www.gov.cn/zhengce/zhengceku/202508/content_7035320.htm","待复核","","",""
"10","92","doc-048","2025","2025-04","文号待核","《工业和信息化部等七部门关于印发《医药工业数智化转型实施方案（2025—2030年）》的通知》","商务部,国家中医药管理局,国家卫生健康委员会,国家医疗保障局,工业和信息化部,国家药品监督管理局,国家数据局","中医药局-医政管理","中医药服务处","https://www.gov.cn/zhengce/zhengceku/202504/content_7020857.htm","待复核","","",""
"11","88","doc-076","2024","2024-12","国疾控卫免发〔2024〕20号","《关于国家免疫规划百白破疫苗和白破疫苗免疫程序调整相关工作的通知》","国家疾病预防控制局,教育部,工业和信息化部,财政部,国家卫生健康委员会,国家药品监督管理局","疾控局-卫生与免疫规划司","免疫规划处","https://www.gov.cn/zhengce/zhengceku/202412/content_6994724.htm","待复核","","",""
"12","88","doc-082","2024","2024-12","国疾控传防发〔2024〕19号","《关于印发《全国结核病防治规划（2024—2030年）》的通知》","司法部,财政部,国家疾病预防控制局,国家卫生健康委员会,国家发展和改革委员会,教育部,公安部,国家医疗保障局,国家药品监督管理局","卫健委-医疗应急司","公共卫生医疗管理处","https://www.gov.cn/zhengce/zhengceku/202412/content_6991217.htm","待复核","","",""
"13","88","doc-092","2024","2024-11","文号待核","《教育部办公厅 国家卫生健康委办公厅 国家疾控局综合司关于切实抓牢幼儿园和小学近视防控关键阶段防控工作的通知》","教育部,国家卫生健康委员会,国家疾病预防控制局","卫健委-规划发展与信息化司","发展规划处","https://www.gov.cn/zhengce/zhengceku/202411/content_6986582.htm","待复核","","",""
"14","86","doc-007","2026","2026-03","国中医药医政发〔2026〕2号","《关于印发乡镇卫生院 社区卫生服务中心中医药服务管理基本规范的通知》","国家中医药管理局","卫健委-基层卫生健康司","运行评价处","https://www.gov.cn/zhengce/zhengceku/202603/content_7063623.htm","待复核","","",""
"15","84","doc-161","2023","2023-12","医保发〔2023〕29号","《国家医保局 财政部关于印发《长期护理保险失能等级评估管理办法（试行）》的通知》","国家医疗保障局,财政部","医保局-待遇保障司","长期护理保险处","https://www.gov.cn/zhengce/zhengceku/202312/content_6920626.htm","待复核","","",""
"16","84","doc-169","2023","2023-11","国卫医急发〔2023〕30号","《关于印发健康中国行动—癌症防治行动实施方案（2023—2030年）的通知》","科学技术部,民政部,生态环境部,农业农村部,国家金融监督管理总局,国家卫生健康委员会,教育部,财政部,国家中医药管理局,国家发展和改革委员会,国家疾病预防控制局,国家药品监督管理局,国家医疗保障局","中医药局-医政管理","中医药服务处","https://www.gov.cn/zhengce/zhengceku/202311/content_6915380.htm","待复核","","",""
"17","84","doc-170","2023","2023-11","国卫医急发〔2023〕31号","《关于印发健康中国行动—心脑血管疾病防治行动实施方案（2023—2030年）的通知》","国家卫生健康委员会,国家发展和改革委员会,教育部,科学技术部,工业和信息化部,民政部,财政部,国家市场监督管理总局,国家广播电视总局,国家体育总局,国家中医药管理局,国家疾病预防控制局","中医药局-医政管理","中医药服务处","https://www.gov.cn/zhengce/zhengceku/202311/content_6915365.htm","待复核","","",""
"18","84","doc-171","2023","2023-11","国卫办老龄发〔2023〕18号","《关于印发居家和社区医养结合服务指南（试行）的通知》","国家卫生健康委员会,国家中医药管理局,国家疾病预防控制局","卫健委-老龄健康司","医养结合处","https://www.gov.cn/zhengce/zhengceku/202311/content_6914596.htm","待复核","","",""
"19","84","doc-173","2023","2023-10","国卫办医政发〔2023〕13号","《国家卫生健康委办公厅关于印发患者安全专项行动方案（2023-2025年）的通知》","国家卫生健康委员会","卫健委-医政司","医疗管理处","https://www.gov.cn/zhengce/zhengceku/202310/content_6908044.htm","待复核","","",""
"20","84","doc-179","2023","2023-08","国卫办医政发〔2023〕10号","《国家卫生健康委办公厅关于印发手术质量安全提升行动方案（2023-2025年）的通知》","国家卫生健康委员会","卫健委-医政司","医疗管理处","https://www.gov.cn/zhengce/zhengceku/202308/content_6900753.htm","待复核","","",""
"21","84","doc-180","2023","2023-08","国卫办妇幼发〔2023〕9号","《国家卫生健康委办公厅关于印发出生缺陷防治能力提升计划（2023-2027年）的通知》","国家卫生健康委员会","卫健委-人口家庭司","政策协调处","https://www.gov.cn/zhengce/zhengceku/202308/content_6900320.htm","待复核","","",""
"22","80","doc-234","2022","2022-12","国卫办职健函〔2022〕441号","《国家卫生健康委办公厅关于进一步加强用人单位职业健康培训工作的通知》","国家卫生健康委员会","卫健委-职业健康司","职业病管理处","https://www.gov.cn/zhengce/zhengceku/2022-12/30/content_5734220.htm","待复核","","",""
"23","80","doc-235","2022","2022-12","国卫办医政发〔2022〕17号","《国家卫生健康委办公厅关于印发国家医学中心管理办法（试行）和国家区域医疗中心管理办法（试行）的通知》","国家卫生健康委员会","卫健委-医政司","医疗机构处","https://www.gov.cn/zhengce/zhengceku/2022-12/29/content_5734106.htm","待复核","","",""
"24","80","doc-243","2022","2022-12","国卫办人口函〔2022〕414号","《国家卫生健康委办公厅关于印发托育从业人员职业行为准则（试行）的通知》","国家卫生健康委员会","卫健委-人口家庭司","政策协调处","https://www.gov.cn/zhengce/zhengceku/2022-12/03/content_5730066.htm","待复核","","",""
"25","80","doc-259","2022","2022-07","国卫基层发〔2022〕21号","《关于做好2022年基本公共卫生服务工作的通知》","财政部,国家卫生健康委员会,国家中医药管理局","卫健委-基层卫生健康司","基本公共卫生处","https://www.gov.cn/zhengce/zhengceku/2022-07/07/content_5699780.htm","待复核","","",""
"26","78","doc-011","2026","2026-02","文号待核","《工业和信息化部等八部门关于印发《中药工业高质量发展实施方案（2026—2030年）》的通知》","国家民族事务委员会,工业和信息化部,农业农村部,国务院国有资产监督管理委员会,国家卫生健康委员会,国家金融监督管理总局,国家药品监督管理局,国家中医药管理局","中医药局-医政管理","中药管理处","https://www.gov.cn/zhengce/zhengceku/202602/content_7057174.htm","待复核","","",""
"27","78","doc-013","2026","2026-01","文号待核","《中国气象局 民政部 文化和旅游部 国家医疗保障局 国家林业和草原局 国家中医药管理局 国家疾病预防控制局关于加强协同联动 推进康养气象服务高质量发展的指导意见》","中国气象局,民政部,文化和旅游部,国家医疗保障局,国家林业和草原局,国家中医药管理局,国家疾病预防控制局","中医药局-医政管理","中医药服务处","https://www.gov.cn/zhengce/zhengceku/202601/content_7054707.htm","待复核","","",""
"28","76","doc-292","2021","2021-12","文号待核","《十部门关于印发《“十四五”医疗装备产业发展规划》的通知》","国家中医药管理局,国家药品监督管理局,国家医疗保障局,国家发展和改革委员会,科学技术部,工业和信息化部,财政部,国家卫生健康委员会,国务院国有资产监督管理委员会,国家市场监督管理总局","中医药局-医政管理","中医药服务处","https://www.gov.cn/zhengce/zhengceku/2021-12/28/content_5664991.htm","待复核","","",""
"29","76","doc-296","2021","2021-11","医保发〔2021〕48号","《国家医疗保障局关于印发DRG/DIP 支付方式改革三年行动计划的通知》","国家医疗保障局","医保局-医药服务管理司","支付方式改革处","https://www.gov.cn/zhengce/zhengceku/2021-11/28/content_5653858.htm","待复核","","",""
"30","76","doc-298","2021","2021-11","国卫办医函〔2021〕560号","《国家卫生健康委办公厅关于开展老年医疗护理服务试点工作的通知》","国家卫生健康委员会","卫健委-医政司","护理与康复处","https://www.gov.cn/zhengce/zhengceku/2021-11/27/content_5653768.htm","待复核","","",""
"31","76","doc-303","2021","2021-11","国卫妇幼发〔2021〕33号","《国家卫生健康委关于印发健康儿童行动提升计划（2021—2025年）的通知》","国家卫生健康委员会","卫健委-人口家庭司","政策协调处","https://www.gov.cn/zhengce/zhengceku/2021-11/05/content_5649019.htm","待复核","","",""
"32","76","doc-304","2021","2021-11","国卫办医函〔2021〕538号","《国家卫生健康委办公厅关于印发“千县工程”县医院综合能力提升工作方案（2021-2025年）的通知》","国家卫生健康委员会","卫健委-医政司","医疗机构处","https://www.gov.cn/zhengce/zhengceku/2021-11/04/content_5648771.htm","待复核","","",""
"33","76","doc-308","2021","2021-10","国卫妇幼发〔2021〕30号","《国家卫生健康委关于印发母婴安全行动提升计划（2021-2025年）的通知》","国家卫生健康委员会","卫健委-人口家庭司","政策协调处","https://www.gov.cn/zhengce/zhengceku/2021-10/15/content_5642740.htm","待复核","","",""
"34","74","doc-033","2025","2025-08","文号待核","《关于印发《服务业经营主体贷款贴息政策实施方案》的通知》","人力资源和社会保障部,国家金融监督管理总局,中国人民银行,商务部,财政部,文化和旅游部,民政部,国家体育总局,国家卫生健康委员会","卫健委-规划发展与信息化司","发展规划处","https://www.gov.cn/zhengce/zhengceku/202508/content_7036204.htm","待复核","","",""
"35","74","doc-157","2023","2023-12","国中医药医政函〔2023〕266号","《国家中医药管理局关于印发县级中医医院“两专科一中心”项目建设管理办法的通知》","国家中医药管理局","卫健委-基层卫生健康司","综合处","https://www.gov.cn/zhengce/zhengceku/202312/content_6921604.htm","待复核","","",""
"36","74","doc-159","2023","2023-12","国中医药医政函〔2023〕263号","《国家中医药管理局关于进一步加强中医医院老年病科建设的通知》","国家中医药管理局","卫健委-医政司","医疗机构处","https://www.gov.cn/zhengce/zhengceku/202312/content_6921300.htm","待复核","","",""
"37","74","doc-160","2023","2023-12","国中医药综医政发〔2023〕6号","《关于深化中医馆建设 加强中医医师配备的通知》","国家中医药管理局","卫健委-基层卫生健康司","综合处","https://www.gov.cn/zhengce/zhengceku/202312/content_6921027.htm","待复核","","",""
"38","72","doc-002","2026","2026-05","国卫基层发〔2026〕15号","《关于印发家庭病床服务指南（试行）的通知》","国家中医药管理局,国家卫生健康委员会","卫健委-基层卫生健康司","家庭医生处","https://www.gov.cn/zhengce/zhengceku/202605/content_7068890.htm","待复核","","",""
"39","72","doc-003","2026","2026-05","国卫人口发〔2026〕11号","《国家卫生健康委关于印发全国生育友好城市、生育友好单位创建管理办法的通知》","国家卫生健康委员会","卫健委-人口家庭司","政策协调处","https://www.gov.cn/zhengce/zhengceku/202605/content_7068783.htm","待复核","","",""
"40","72","doc-010","2026","2026-02","国卫药政发〔2026〕2号","《关于印发国家基本药物目录管理办法的通知》","国家发展和改革委员会,工业和信息化部,商务部,国家医疗保障局,财政部,国家疾病预防控制局,国家中医药管理局,国家卫生健康委员会,国家药品监督管理局,国家市场监督管理总局","中医药局-医政管理","中医药服务处","https://www.gov.cn/zhengce/zhengceku/202602/content_7057794.htm","待复核","","",""
"41","72","doc-014","2026","2026-01","国卫办药政函〔2025〕483号","《关于印发第四批鼓励仿制药品目录的通知》","工业和信息化部,国家卫生健康委员会,国家知识产权局,国家药品监督管理局","医保局-医药服务管理司","医保目录处","https://www.gov.cn/zhengce/zhengceku/202601/content_7053823.htm","待复核","","",""
"42","72","doc-346","2020","2020-12","医保发〔2020〕54号","《国家医疗保障局关于坚持传统服务方式与智能化服务创新并行 优化医疗保障服务工作的实施意见》","国家医疗保障局","卫健委-老龄健康司","健康服务处","https://www.gov.cn/zhengce/zhengceku/2020-12/30/content_5575172.htm","待复核","","",""
"43","72","doc-353","2020","2020-11","医保办发〔2020〕51号","《国家医疗保障局办公室关于贯彻执行15项医疗保障信息业务编码标准的通知》","国家医疗保障局","医保局-规划财务法规司","信息化处","https://www.gov.cn/zhengce/zhengceku/2020-11/30/content_5565849.htm","待复核","","",""
"44","72","doc-355","2020","2020-11","医保价采中心函〔2020〕24号","《国家医保局医药价格和招标采购指导中心关于印发《医药价格和招采信用评价的操作规范（2020版）》的通知》","国家医疗保障局","医保局-基金监管司","信用管理处","https://www.gov.cn/zhengce/zhengceku/2020-11/28/content_5565653.htm","待复核","","",""
"45","72","doc-360","2020","2020-11","医保办发〔2020〕42号","《国家医疗保障局办公室关于印发医保药品中药饮片和医疗机构制剂统一编码规则和方法的通知》","国家医疗保障局","医保局-规划财务法规司","信息化处","https://www.gov.cn/zhengce/zhengceku/2020-11/05/content_5557628.htm","待复核","","",""
"46","72","doc-365","2020","2020-11","医保发〔2020〕45号","《国家医疗保障局关于积极推进“互联网+”医疗服务医保支付工作的指导意见》","国家医疗保障局","医保局-基金监管司","基金监管处","https://www.gov.cn/zhengce/zhengceku/2020-11/03/content_5556883.htm","待复核","","",""
"47","72","doc-366","2020","2020-10","国卫办疾控发〔2020〕16号","《关于印发儿童青少年肥胖防控实施方案的通知》","国家卫生健康委员会,国家市场监督管理总局,国家体育总局,教育部","卫健委-规划发展与信息化司","发展规划处","https://www.gov.cn/zhengce/zhengceku/2020-10/24/content_5553848.htm","待复核","","",""
"48","72","doc-368","2020","2020-09","国卫办基层发〔2020〕12号","《关于印发紧密型县域医疗卫生共同体建设评判标准和监测指标体系（试行）的通知》","国家医疗保障局,国家卫生健康委员会,国家中医药管理局","卫健委-基层卫生健康司","运行评价处","https://www.gov.cn/zhengce/zhengceku/2020-09/18/content_5544471.htm","待复核","","",""
"49","72","doc-369","2020","2020-09","医保发〔2020〕33号","《国家医保局 财政部 国家税务总局关于加强和改进基本医疗保险参保工作的指导意见》","财政部,国家税务总局,国家医疗保障局","医保局-待遇保障司","筹资待遇处","https://www.gov.cn/zhengce/zhengceku/2020-09/14/content_5543256.htm","待复核","","",""
"50","72","doc-371","2020","2020-09","国卫办疾控函〔2020〕725号","《国家卫生健康委办公厅关于印发中央转移支付地方项目包虫病患者救治管理办法的通知》","国家卫生健康委员会","卫健委-法规司","立法处","https://www.gov.cn/zhengce/zhengceku/2020-09/03/content_5539743.htm","待复核","","",""